{
  "best_val_loss": 0.22241686284542084,
  "best_val_mae": 0.2477411925792694,
  "test": {
    "mse": 0.21245438367892105,
    "rmse": 0.46092774236199,
    "mae": 0.23931269332701896
  }
}