{
  "loss": [
    0.23832224309444427,
    0.22147980332374573,
    0.21721501648426056,
    0.2193848192691803,
    0.22151082754135132,
    0.2211534082889557,
    0.24123261868953705,
    0.24049991369247437,
    0.2309454083442688,
    0.23148106038570404,
    0.22945883870124817,
    0.2320171743631363,
    0.2601795196533203,
    0.24649931490421295,
    0.25209546089172363,
    0.24424879252910614,
    0.2434079349040985,
    0.2429611086845398
  ],
  "mae": [
    0.27134692668914795,
    0.2572435140609741,
    0.25277140736579895,
    0.2551814615726471,
    0.2570003271102905,
    0.2576580047607422,
    0.27630630135536194,
    0.2811371684074402,
    0.26526176929473877,
    0.2735663652420044,
    0.2669278085231781,
    0.26982757449150085,
    0.3057704269886017,
    0.28642189502716064,
    0.2992425560951233,
    0.2786850929260254,
    0.28122496604919434,
    0.28284648060798645
  ],
  "val_loss": [
    0.23243221640586853,
    0.22457267343997955,
    0.22241686284542084,
    0.24900463223457336,
    0.22569794952869415,
    0.24762625992298126,
    0.2451731562614441,
    0.24628502130508423,
    0.2310049682855606,
    0.233201801776886,
    0.23410660028457642,
    0.25642040371894836,
    0.2656380832195282,
    0.27294209599494934,
    0.2559402585029602,
    0.25290459394454956,
    0.24729998409748077,
    0.26709485054016113
  ],
  "val_mae": [
    0.2656477689743042,
    0.2578831911087036,
    0.2477411925792694,
    0.27136507630348206,
    0.2541598975658417,
    0.26873889565467834,
    0.2831186354160309,
    0.2897435426712036,
    0.272631973028183,
    0.2670944333076477,
    0.27433574199676514,
    0.3092395067214966,
    0.3082159459590912,
    0.3181142508983612,
    0.2866690158843994,
    0.2893311381340027,
    0.2948736250400543,
    0.3042009472846985
  ],
  "lr": [
    0.0003000000142492354,
    0.0003000000142492354,
    0.0003000000142492354,
    0.0003000000142492354,
    0.0003000000142492354,
    0.0003000000142492354,
    0.0003000000142492354,
    0.0003000000142492354,
    0.0001500000071246177,
    0.0001500000071246177,
    0.0001500000071246177,
    0.0001500000071246177,
    0.0001500000071246177,
    7.500000356230885e-05,
    7.500000356230885e-05,
    7.500000356230885e-05,
    7.500000356230885e-05,
    7.500000356230885e-05
  ]
}