{
  "mean": 1.8762136065608332,
  "std": 0.9886037140150843
}