{
  "normalized": {
    "mae": 0.23931269332701896,
    "mse": 0.21245438367892108,
    "rmse": 0.4609277423619901
  },
  "denormalized": {
    "mae": 0.23658541450978904,
    "mse": 0.20763959929992873,
    "rmse": 0.4556748833323258
  },
  "normalization_params": {
    "mean": 1.8762136065608332,
    "std": 0.9886037140150843
  }
}