{
  "normalized": {
    "mae": 0.22958917785686844,
    "mse": 0.18853705312560898,
    "rmse": 0.43420853644949103
  },
  "denormalized": {
    "mae": 0.2269727155939742,
    "mse": 0.18426430163281082,
    "rmse": 0.4292601794166457
  },
  "normalization_params": {
    "mean": 1.8762136065608332,
    "std": 0.9886037140150843
  }
}