{
  "best_val_loss": 0.19732747972011566,
  "best_val_mae": 0.2371709793806076,
  "test": {
    "mse": 0.18853705312560895,
    "rmse": 0.434208536449491,
    "mae": 0.22958917785686844
  }
}