{
  "loss": [
    0.22858254611492157,
    0.23898763954639435,
    0.23236119747161865,
    0.25091955065727234,
    0.24648040533065796,
    0.2415221631526947,
    0.23488743603229523,
    0.23078396916389465,
    0.23208017647266388,
    0.2589959502220154,
    0.22559550404548645,
    0.2231728881597519,
    0.24010491371154785,
    0.22918130457401276,
    0.220309779047966,
    0.21553751826286316,
    0.21602176129817963,
    0.2133813202381134,
    0.211671844124794,
    0.20912078022956848,
    0.20687030255794525,
    0.20464566349983215,
    0.2030973881483078,
    0.2014842927455902,
    0.19980329275131226,
    0.1985829770565033,
    0.1976439505815506,
    0.19653958082199097,
    0.19527354836463928,
    0.19493961334228516,
    0.1944538801908493,
    0.19388848543167114,
    0.19405671954154968,
    0.20546139776706696,
    0.23263582587242126,
    0.22377529740333557,
    0.23786041140556335,
    0.23934490978717804,
    0.23071172833442688,
    0.22844766080379486,
    0.23628628253936768
  ],
  "mae": [
    0.2623014748096466,
    0.2775953412055969,
    0.26880139112472534,
    0.30097609758377075,
    0.2884036898612976,
    0.27311787009239197,
    0.2696058452129364,
    0.26316750049591064,
    0.26860111951828003,
    0.2914673388004303,
    0.26115480065345764,
    0.2617928087711334,
    0.27819037437438965,
    0.265887588262558,
    0.25679343938827515,
    0.2522966265678406,
    0.2522220015525818,
    0.25199225544929504,
    0.25113803148269653,
    0.24883216619491577,
    0.24844789505004883,
    0.2476707398891449,
    0.24698030948638916,
    0.2462148666381836,
    0.2453344315290451,
    0.24491821229457855,
    0.24467740952968597,
    0.2440388798713684,
    0.24292831122875214,
    0.24333836138248444,
    0.24271340668201447,
    0.2421952784061432,
    0.24248255789279938,
    0.25283315777778625,
    0.27389782667160034,
    0.2623026371002197,
    0.2780865728855133,
    0.28393256664276123,
    0.27146220207214355,
    0.2692308723926544,
    0.27916419506073
  ],
  "val_loss": [
    0.24661466479301453,
    0.26671093702316284,
    0.23871299624443054,
    0.25464415550231934,
    0.25878891348838806,
    0.2663123905658722,
    0.24851325154304504,
    0.2729529142379761,
    0.25214463472366333,
    0.2408743053674698,
    0.23658114671707153,
    0.22520706057548523,
    0.24473096430301666,
    0.23000772297382355,
    0.22099809348583221,
    0.24602694809436798,
    0.21850267052650452,
    0.21911178529262543,
    0.21649473905563354,
    0.2151082158088684,
    0.21847501397132874,
    0.20676366984844208,
    0.20994800329208374,
    0.2205929011106491,
    0.20314419269561768,
    0.20063957571983337,
    0.19866453111171722,
    0.20066502690315247,
    0.23375362157821655,
    0.2297542244195938,
    0.19732747972011566,
    0.20617450773715973,
    0.2003336101770401,
    0.24156537652015686,
    0.2366139441728592,
    0.2319357842206955,
    0.2587997019290924,
    0.2435813844203949,
    0.2310599386692047,
    0.2366114854812622,
    0.25346365571022034
  ],
  "val_mae": [
    0.3270746171474457,
    0.34126749634742737,
    0.29612183570861816,
    0.28004103899002075,
    0.3106214106082916,
    0.3275485336780548,
    0.2888265550136566,
    0.36642807722091675,
    0.2940782308578491,
    0.2787206172943115,
    0.2580706477165222,
    0.2665923535823822,
    0.2728099524974823,
    0.26171058416366577,
    0.2583407759666443,
    0.33525148034095764,
    0.2627287209033966,
    0.2795882225036621,
    0.2525383532047272,
    0.2679532468318939,
    0.2941109538078308,
    0.24476228654384613,
    0.275595098733902,
    0.2871222198009491,
    0.24209271371364594,
    0.24603146314620972,
    0.24028562009334564,
    0.2585165202617645,
    0.34361258149147034,
    0.30175143480300903,
    0.2371709793806076,
    0.26127609610557556,
    0.24072475731372833,
    0.28675520420074463,
    0.2713674306869507,
    0.2909352481365204,
    0.2974974513053894,
    0.2820555567741394,
    0.2722707986831665,
    0.27763381600379944,
    0.29578834772109985
  ],
  "lr": [
    0.0010000000474974513,
    0.0010000000474974513,
    0.0010000000474974513,
    0.0010000000474974513,
    0.0010000000474974513,
    0.0010000000474974513,
    0.0010000000474974513,
    0.0005000000237487257,
    0.0005000000237487257,
    0.0005000000237487257,
    0.0005000000237487257,
    0.0005000000237487257,
    0.0005000000237487257,
    0.0005000000237487257,
    0.0005000000237487257,
    0.0005000000237487257,
    0.0005000000237487257,
    0.0005000000237487257,
    0.0005000000237487257,
    0.0005000000237487257,
    0.0005000000237487257,
    0.0005000000237487257,
    0.0005000000237487257,
    0.0005000000237487257,
    0.0005000000237487257,
    0.0005000000237487257,
    0.0005000000237487257,
    0.0005000000237487257,
    0.0005000000237487257,
    0.0005000000237487257,
    0.0005000000237487257,
    0.0005000000237487257,
    0.0005000000237487257,
    0.0005000000237487257,
    0.0005000000237487257,
    0.0002500000118743628,
    0.0002500000118743628,
    0.0002500000118743628,
    0.0002500000118743628,
    0.0001250000059371814,
    0.0001250000059371814
  ]
}